Date,Time,Bag#,CO2 (%),Temperature (deg C)
11/7/2022,2:40:48 PM,0,-0.0398,32.843
11/7/2022,2:40:50 PM,0,-0.0514,32.876
11/7/2022,2:40:51 PM,0,-0.0421,32.909
11/7/2022,2:40:52 PM,0,-0.0483,32.876
11/7/2022,2:40:53 PM,0,-0.039,32.893
11/7/2022,2:40:54 PM,0,-0.0499,32.801
11/7/2022,2:40:55 PM,0,-0.0398,32.859
11/7/2022,2:40:56 PM,0,-0.0429,32.834
11/7/2022,2:40:57 PM,0,-0.0359,32.851
11/7/2022,2:40:58 PM,0,-0.0437,32.818
11/7/2022,2:40:59 PM,0,-0.0468,32.818
11/7/2022,2:41:00 PM,0,-0.0468,32.868
11/7/2022,2:41:01 PM,0,-0.046,32.876
11/7/2022,2:41:02 PM,0,-0.0499,32.884
11/7/2022,2:41:03 PM,0,-0.0406,32.809
11/7/2022,2:41:04 PM,0,-0.0514,32.851
11/7/2022,2:41:05 PM,0,-0.0452,32.876
11/7/2022,2:41:06 PM,0,-0.0522,32.793
11/7/2022,2:41:07 PM,0,-0.0476,32.843
11/7/2022,2:41:08 PM,0,-0.0507,32.876
11/7/2022,2:41:09 PM,0,-0.0414,32.868
11/7/2022,2:41:10 PM,0,-0.0499,32.801
11/7/2022,2:41:11 PM,0,-0.0445,32.818
11/7/2022,2:41:12 PM,0,-0.0514,32.801
11/7/2022,2:41:13 PM,0,-0.0429,32.868
11/7/2022,2:41:14 PM,0,-0.0514,32.784
11/7/2022,2:41:15 PM,0,-0.0445,32.884
11/7/2022,2:41:16 PM,0,-0.0507,32.884
11/7/2022,2:41:17 PM,0,-0.0406,32.809
11/7/2022,2:41:18 PM,0,-0.0522,32.876
11/7/2022,2:41:19 PM,0,-0.039,32.909
11/7/2022,2:41:20 PM,0,-0.0445,32.851
11/7/2022,2:41:21 PM,0,-0.0367,32.801
11/7/2022,2:41:22 PM,0,-0.0507,32.818
11/7/2022,2:41:23 PM,0,-0.0359,32.809
11/7/2022,2:41:24 PM,0,-0.0507,32.851
11/7/2022,2:41:25 PM,0,-0.0328,32.884
11/7/2022,2:41:26 PM,0,-0.0483,32.859
11/7/2022,2:41:27 PM,0,-0.0359,32.876
11/7/2022,2:41:28 PM,0,-0.0491,32.776
11/7/2022,2:41:29 PM,0,-0.0414,32.859
11/7/2022,2:41:30 PM,0,-0.0445,32.834
11/7/2022,2:41:31 PM,0,-0.0429,32.876
11/7/2022,2:41:32 PM,0,-0.0406,32.793
11/7/2022,2:41:33 PM,0,-0.0398,32.893
11/7/2022,2:41:34 PM,0,-0.0491,32.884
11/7/2022,2:41:35 PM,0,-0.0445,32.834
11/7/2022,2:41:36 PM,0,-0.0476,32.884
11/7/2022,2:41:37 PM,0,-0.0421,32.859
11/7/2022,2:41:38 PM,0,-0.0476,32.743
11/7/2022,2:41:39 PM,0,-0.039,32.801
11/7/2022,2:41:40 PM,0,-0.0476,32.917
11/7/2022,2:41:41 PM,0,-0.046,32.901
11/7/2022,2:41:42 PM,0,-0.046,32.818
11/7/2022,2:41:43 PM,0,-0.0468,32.801
11/7/2022,2:41:44 PM,0,-0.0491,32.784
11/7/2022,2:41:45 PM,0,-0.0445,32.834
11/7/2022,2:41:46 PM,0,-0.0483,32.851
11/7/2022,2:41:47 PM,0,-0.0383,32.809
11/7/2022,2:41:48 PM,0,-0.046,32.859
11/7/2022,2:41:49 PM,0,-0.0367,32.809
11/7/2022,2:41:50 PM,0,-0.0437,32.868
11/7/2022,2:41:51 PM,0,-0.0352,32.793
11/7/2022,2:41:52 PM,0,-0.0429,32.893
11/7/2022,2:41:53 PM,0,-0.0359,32.809
11/7/2022,2:41:54 PM,0,-0.0499,32.876
11/7/2022,2:41:55 PM,0,-0.0359,32.859
11/7/2022,2:41:56 PM,0,-0.0468,32.876
11/7/2022,2:41:57 PM,0,-0.0452,32.809
11/7/2022,2:41:58 PM,0,-0.0507,32.859
11/7/2022,2:41:59 PM,0,-0.0429,32.876
11/7/2022,2:42:00 PM,0,-0.0476,32.793
11/7/2022,2:42:01 PM,0,-0.0375,32.735
11/7/2022,2:42:02 PM,0,-0.0507,32.917
11/7/2022,2:42:03 PM,0,-0.0445,32.818
11/7/2022,2:42:04 PM,0,-0.0468,32.884
11/7/2022,2:42:05 PM,0,-0.0367,32.851
11/7/2022,2:42:06 PM,0,-0.0468,32.859
11/7/2022,2:42:07 PM,0,-0.0445,32.809
11/7/2022,2:42:08 PM,0,-0.053,32.959
11/7/2022,2:42:09 PM,0,-0.039,32.793
11/7/2022,2:42:10 PM,0,-0.046,32.843
11/7/2022,2:42:11 PM,0,-0.0429,32.876
11/7/2022,2:42:12 PM,0,-0.0545,32.801
11/7/2022,2:42:13 PM,0,-0.0468,32.876
11/7/2022,2:42:14 PM,0,-0.0499,32.851
11/7/2022,2:42:15 PM,0,-0.0406,32.843
11/7/2022,2:42:16 PM,0,-0.0514,32.801
11/7/2022,2:42:17 PM,0,-0.046,32.868
11/7/2022,2:42:18 PM,0,-0.0514,32.926
11/7/2022,2:42:19 PM,0,-0.0437,32.834
11/7/2022,2:42:20 PM,0,-0.0514,32.826
11/7/2022,2:42:21 PM,0,-0.0538,32.876
11/7/2022,2:42:22 PM,0,-0.0514,32.834
11/7/2022,2:42:23 PM,0,-0.0445,32.976
11/7/2022,2:42:24 PM,0,-0.0421,32.893
11/7/2022,2:42:25 PM,0,-0.0336,32.826
11/7/2022,2:42:26 PM,0,-0.0437,32.901
11/7/2022,2:42:27 PM,0,-0.0445,32.859
11/7/2022,2:42:28 PM,0,-0.0507,32.793
11/7/2022,2:42:29 PM,0,-0.0352,32.926
11/7/2022,2:42:30 PM,0,-0.0491,32.826
11/7/2022,2:42:31 PM,0,-0.039,32.735
11/7/2022,2:42:32 PM,0,-0.0499,32.984
11/7/2022,2:42:33 PM,0,-0.0375,32.76
11/7/2022,2:42:34 PM,0,-0.0421,32.868
11/7/2022,2:42:35 PM,0,-0.039,32.843
11/7/2022,2:42:36 PM,0,-0.0491,32.834
11/7/2022,2:42:37 PM,0,-0.0305,32.876
11/7/2022,2:42:38 PM,0,-0.0375,32.843
11/7/2022,2:42:39 PM,0,-0.0383,32.809
11/7/2022,2:42:40 PM,0,-0.0476,32.826
11/7/2022,2:42:41 PM,0,-0.0383,32.917
11/7/2022,2:42:42 PM,0,-0.0514,32.876
11/7/2022,2:42:43 PM,0,-0.0414,32.834
11/7/2022,2:42:44 PM,0,-0.046,32.859
11/7/2022,2:42:45 PM,0,-0.0398,32.884
11/7/2022,2:42:46 PM,0,-0.0468,32.859
11/7/2022,2:42:47 PM,0,-0.0421,32.893
11/7/2022,2:42:48 PM,0,-0.0468,32.926
11/7/2022,2:42:49 PM,0,-0.0359,32.784
11/7/2022,2:42:50 PM,0,-0.0491,32.851
11/7/2022,2:42:51 PM,0,-0.0359,32.851
11/7/2022,2:42:52 PM,0,-0.0483,32.934
11/7/2022,2:42:53 PM,0,-0.0406,32.826
11/7/2022,2:42:54 PM,0,-0.0398,32.809
11/7/2022,2:42:55 PM,0,-0.0406,32.901
11/7/2022,2:42:56 PM,0,-0.0483,32.784
11/7/2022,2:42:57 PM,0,-0.0398,32.851
11/7/2022,2:42:58 PM,0,-0.0445,32.901
11/7/2022,2:42:59 PM,0,-0.039,32.876
11/7/2022,2:43:00 PM,0,-0.0437,32.834
11/7/2022,2:43:01 PM,0,-0.0398,32.809
11/7/2022,2:43:02 PM,0,-0.0507,32.893
11/7/2022,2:43:03 PM,0,-0.0429,32.901
11/7/2022,2:43:04 PM,0,-0.0514,32.843
11/7/2022,2:43:05 PM,0,-0.0383,32.859
11/7/2022,2:43:06 PM,0,-0.0538,32.809
11/7/2022,2:43:07 PM,0,-0.0468,32.884
11/7/2022,2:43:08 PM,0,-0.0468,32.942
11/7/2022,2:43:09 PM,0,-0.0328,32.851
11/7/2022,2:43:10 PM,0,-0.039,32.876
11/7/2022,2:43:11 PM,0,-0.0383,32.893
11/7/2022,2:43:12 PM,0,-0.0445,32.801
11/7/2022,2:43:13 PM,0,-0.0383,32.809
11/7/2022,2:43:14 PM,0,-0.0421,32.859
11/7/2022,2:43:15 PM,0,-0.0445,32.884
11/7/2022,2:43:16 PM,0,-0.0452,32.809
11/7/2022,2:43:17 PM,0,-0.0429,32.901
11/7/2022,2:43:18 PM,0,-0.0507,32.884
11/7/2022,2:43:19 PM,0,-0.0468,32.851
11/7/2022,2:43:20 PM,0,-0.0483,32.884
11/7/2022,2:43:21 PM,0,-0.046,32.826
11/7/2022,2:43:22 PM,0,-0.0514,32.843
11/7/2022,2:43:23 PM,0,-0.0491,32.934
11/7/2022,2:43:24 PM,0,-0.0538,32.793
11/7/2022,2:43:25 PM,0,-0.046,32.909
11/7/2022,2:43:26 PM,0,-0.0491,32.859
11/7/2022,2:43:27 PM,0,-0.0398,32.868
11/7/2022,2:43:28 PM,0,-0.0445,32.834
11/7/2022,2:43:29 PM,0,-0.0476,32.884
11/7/2022,2:43:30 PM,0,-0.0522,32.959
11/7/2022,2:43:31 PM,0,-0.0414,32.851
11/7/2022,2:43:32 PM,0,-0.0483,32.909
11/7/2022,2:43:33 PM,0,-0.0398,32.876
11/7/2022,2:43:34 PM,0,-0.0429,32.843
11/7/2022,2:43:35 PM,0,-0.039,32.909
11/7/2022,2:43:36 PM,0,-0.0437,32.909
11/7/2022,2:43:37 PM,0,-0.039,32.884
11/7/2022,2:43:38 PM,0,-0.046,32.893
11/7/2022,2:43:39 PM,0,-0.0344,32.893
11/7/2022,2:43:40 PM,0,-0.0445,32.893
11/7/2022,2:43:41 PM,0,-0.0445,32.834
11/7/2022,2:43:42 PM,0,-0.0476,32.784
11/7/2022,2:43:43 PM,0,-0.0398,32.901
11/7/2022,2:43:44 PM,0,-0.0421,32.917
11/7/2022,2:43:45 PM,0,-0.0421,32.834
11/7/2022,2:43:46 PM,0,-0.0452,32.909
11/7/2022,2:43:47 PM,0,-0.0421,32.851
11/7/2022,2:43:48 PM,0,-0.0491,32.876
11/7/2022,2:43:49 PM,0,-0.0421,32.868
11/7/2022,2:43:50 PM,0,-0.0429,32.859
11/7/2022,2:43:51 PM,0,-0.0328,32.834
11/7/2022,2:43:52 PM,0,-0.0406,32.951
11/7/2022,2:43:53 PM,0,-0.0305,32.884
11/7/2022,2:43:54 PM,0,-0.0383,32.942
11/7/2022,2:43:55 PM,0,-0.0328,32.859
11/7/2022,2:43:56 PM,0,-0.0398,32.893
11/7/2022,2:43:57 PM,0,-0.0313,32.934
11/7/2022,2:43:58 PM,0,-0.0352,32.917
11/7/2022,2:43:59 PM,0,-0.0359,32.868
11/7/2022,2:44:00 PM,0,-0.0359,32.909
11/7/2022,2:44:01 PM,0,-0.0336,32.901
11/7/2022,2:44:02 PM,0,-0.0414,32.834
11/7/2022,2:44:03 PM,0,-0.0328,32.868
11/7/2022,2:44:04 PM,0,-0.0336,32.934
11/7/2022,2:44:05 PM,0,-0.029,32.834
11/7/2022,2:44:06 PM,0,-0.039,32.876
11/7/2022,2:44:07 PM,0,-0.0336,32.834
11/7/2022,2:44:08 PM,0,-0.0398,32.859
11/7/2022,2:44:09 PM,0,-0.0359,32.901
11/7/2022,2:44:10 PM,0,-0.0375,32.934
11/7/2022,2:44:11 PM,0,-0.0344,32.934
11/7/2022,2:44:12 PM,0,-0.0406,32.917
11/7/2022,2:44:13 PM,0,-0.0259,32.851
11/7/2022,2:44:14 PM,0,-0.0228,32.859
11/7/2022,2:44:15 PM,0,-0.0127,32.926
11/7/2022,2:44:16 PM,0,-0.0305,32.926
11/7/2022,2:44:17 PM,0,-0.015,32.834
11/7/2022,2:44:18 PM,0,-0.0212,32.926
11/7/2022,2:44:19 PM,0,-0.0212,32.851
11/7/2022,2:44:20 PM,0,-0.0321,32.967
11/7/2022,2:44:21 PM,0,-0.0274,32.901
11/7/2022,2:44:22 PM,0,-0.0297,32.901
11/7/2022,2:44:23 PM,0,-0.0189,32.843
11/7/2022,2:44:24 PM,0,-0.0321,32.917
11/7/2022,2:44:25 PM,0,-0.0251,32.876
11/7/2022,2:44:26 PM,0,-0.0305,32.917
11/7/2022,2:44:27 PM,0,-0.0212,32.951
11/7/2022,2:44:28 PM,0,-0.0321,32.917
11/7/2022,2:44:29 PM,0,-0.0297,32.959
11/7/2022,2:44:30 PM,0,-0.0305,32.967
11/7/2022,2:44:31 PM,0,-0.0274,32.851
11/7/2022,2:44:32 PM,0,-0.0336,32.926
11/7/2022,2:44:33 PM,0,-0.022,32.893
11/7/2022,2:44:34 PM,0,-0.0321,32.901
11/7/2022,2:44:35 PM,0,-0.0243,32.901
11/7/2022,2:44:36 PM,0,-0.0282,33.009
11/7/2022,2:44:37 PM,0,-0.0251,32.967
11/7/2022,2:44:38 PM,0,-0.0259,32.851
11/7/2022,2:44:39 PM,0,-0.0228,32.893
11/7/2022,2:44:40 PM,0,-0.029,32.976
11/7/2022,2:44:41 PM,0,-0.0305,32.884
11/7/2022,2:44:42 PM,0,-0.0383,32.942
11/7/2022,2:44:43 PM,0,-0.0406,32.917
11/7/2022,2:44:44 PM,0,-0.0367,32.917
11/7/2022,2:44:45 PM,0,-0.0313,32.951
11/7/2022,2:44:46 PM,0,-0.0352,32.893
11/7/2022,2:44:47 PM,0,-0.0305,32.951
11/7/2022,2:44:48 PM,0,-0.0406,32.917
11/7/2022,2:44:49 PM,0,-0.0328,32.859
11/7/2022,2:44:50 PM,0,-0.0359,32.893
11/7/2022,2:44:51 PM,0,-0.0313,32.901
11/7/2022,2:44:52 PM,0,-0.0297,32.784
11/7/2022,2:44:53 PM,0,-0.0367,32.967
11/7/2022,2:44:54 PM,0,-0.0406,32.926
11/7/2022,2:44:55 PM,0,-0.0328,32.959
11/7/2022,2:44:56 PM,0,-0.0398,32.951
11/7/2022,2:44:57 PM,0,-0.0321,32.917
11/7/2022,2:44:58 PM,0,-0.039,32.917
11/7/2022,2:44:59 PM,0,-0.0352,32.876
11/7/2022,2:45:00 PM,0,-0.0375,32.917
11/7/2022,2:45:01 PM,0,-0.0406,32.951
11/7/2022,2:45:02 PM,0,-0.0313,32.843
11/7/2022,2:45:03 PM,0,-0.0414,32.959
11/7/2022,2:45:04 PM,0,-0.0359,33.034
11/7/2022,2:45:05 PM,0,-0.0359,32.934
11/7/2022,2:45:06 PM,0,-0.039,32.984
11/7/2022,2:45:07 PM,0,-0.0383,32.901
11/7/2022,2:45:08 PM,0,-0.0383,32.959
11/7/2022,2:45:09 PM,0,-0.0398,32.934
11/7/2022,2:45:10 PM,0,-0.0344,32.917
11/7/2022,2:45:11 PM,0,-0.0328,32.909
11/7/2022,2:45:12 PM,0,-0.0344,32.951
11/7/2022,2:45:13 PM,0,-0.0383,32.909
11/7/2022,2:45:14 PM,0,-0.039,32.884
11/7/2022,2:45:15 PM,0,-0.0383,32.976
11/7/2022,2:45:16 PM,0,-0.039,32.942
11/7/2022,2:45:17 PM,0,-0.0367,32.901
11/7/2022,2:45:18 PM,0,-0.0406,32.926
11/7/2022,2:45:19 PM,0,-0.0344,32.951
11/7/2022,2:45:20 PM,0,-0.0421,32.876
11/7/2022,2:45:21 PM,0,-0.0383,32.851
11/7/2022,2:45:22 PM,0,-0.039,32.917
11/7/2022,2:45:23 PM,0,-0.0359,32.951
11/7/2022,2:45:24 PM,0,-0.0189,32.893
11/7/2022,2:45:25 PM,0,-0.0189,32.884
11/7/2022,2:45:26 PM,0,-0.0205,32.834
11/7/2022,2:45:27 PM,0,-0.022,32.868
11/7/2022,2:45:28 PM,0,-0.0282,32.984
11/7/2022,2:45:29 PM,0,-0.0367,32.926
11/7/2022,2:45:30 PM,0,-0.0313,32.851
11/7/2022,2:45:31 PM,0,-0.0406,33.001
11/7/2022,2:45:32 PM,0,-0.0414,32.884
11/7/2022,2:45:33 PM,0,-0.0414,32.909
11/7/2022,2:45:34 PM,0,-0.0437,32.818
11/7/2022,2:45:35 PM,0,-0.0414,32.901
11/7/2022,2:45:36 PM,0,-0.0367,32.959
11/7/2022,2:45:37 PM,0,-0.0406,32.876
11/7/2022,2:45:38 PM,0,-0.046,33.001
11/7/2022,2:45:39 PM,0,-0.039,32.926
11/7/2022,2:45:40 PM,0,-0.0421,32.901
11/7/2022,2:45:41 PM,0,-0.0406,33.017
11/7/2022,2:45:42 PM,0,-0.0437,32.976
11/7/2022,2:45:43 PM,0,-0.0367,32.984
11/7/2022,2:45:44 PM,0,-0.0375,32.926
11/7/2022,2:45:45 PM,0,-0.0274,32.942
11/7/2022,2:45:46 PM,0,-0.0352,32.851
11/7/2022,2:45:47 PM,0,-0.0336,32.884
11/7/2022,2:45:48 PM,0,-0.0189,32.967
11/7/2022,2:45:49 PM,0,-0.0251,32.984
11/7/2022,2:45:50 PM,0,-0.0212,32.951
11/7/2022,2:45:51 PM,0,-0.022,32.917
11/7/2022,2:45:52 PM,0,-0.0228,32.926
11/7/2022,2:45:53 PM,0,-0.0205,32.859
11/7/2022,2:45:54 PM,0,-0.0228,32.959
11/7/2022,2:45:55 PM,0,-0.0158,32.976
11/7/2022,2:45:56 PM,0,-0.0243,32.851
11/7/2022,2:45:57 PM,0,-0.0189,32.942
11/7/2022,2:45:58 PM,0,-0.0243,32.909
11/7/2022,2:45:59 PM,0,-0.0189,32.942
11/7/2022,2:46:00 PM,0,-0.0321,32.868
11/7/2022,2:46:01 PM,0,-0.0174,32.901
11/7/2022,2:46:02 PM,0,-0.0205,32.893
11/7/2022,2:46:03 PM,0,-0.0267,32.909
11/7/2022,2:46:04 PM,0,-0.0174,32.934
11/7/2022,2:46:05 PM,0,-0.0197,32.884
11/7/2022,2:46:06 PM,0,-0.0236,32.909
11/7/2022,2:46:07 PM,0,-0.0251,33.017
11/7/2022,2:46:08 PM,0,-0.0166,32.876
11/7/2022,2:46:09 PM,0,-0.0034,32.901
11/7/2022,2:46:10 PM,0,-0.0096,32.934
11/7/2022,2:46:11 PM,0,-0.005,32.851
11/7/2022,2:46:12 PM,0,-0.0096,32.901
11/7/2022,2:46:13 PM,0,-0.022,32.967
11/7/2022,2:46:14 PM,0,-0.0212,32.884
11/7/2022,2:46:15 PM,0,-0.0174,32.942
11/7/2022,2:46:16 PM,0,-0.022,32.934
11/7/2022,2:46:17 PM,0,-0.0181,32.951
11/7/2022,2:46:18 PM,0,-0.022,32.976
11/7/2022,2:46:19 PM,0,-0.0205,32.934
11/7/2022,2:46:20 PM,0,-0.0205,32.942
11/7/2022,2:46:21 PM,0,-0.0212,32.967
11/7/2022,2:46:22 PM,0,-0.022,32.984
11/7/2022,2:46:23 PM,0,-0.022,32.934
11/7/2022,2:46:24 PM,0,-0.0267,32.992
11/7/2022,2:46:25 PM,0,-0.0251,32.942
11/7/2022,2:46:26 PM,0,-0.0236,32.951
11/7/2022,2:46:27 PM,0,-0.0282,32.901
11/7/2022,2:46:28 PM,0,-0.0282,32.984
11/7/2022,2:46:29 PM,0,-0.022,32.967
11/7/2022,2:46:30 PM,0,-0.0158,32.984
11/7/2022,2:46:31 PM,0,-0.0158,32.934
11/7/2022,2:46:32 PM,0,-0.0189,32.926
11/7/2022,2:46:33 PM,0,-0.0205,32.909
11/7/2022,2:46:34 PM,0,-0.0243,32.959
11/7/2022,2:46:35 PM,0,-0.0274,32.959
11/7/2022,2:46:36 PM,0,-0.0243,32.942
11/7/2022,2:46:37 PM,0,-0.0267,33.017
11/7/2022,2:46:38 PM,0,-0.0251,33.001
11/7/2022,2:46:39 PM,0,-0.0228,33.067
11/7/2022,2:46:40 PM,0,-0.0297,32.893
11/7/2022,2:46:41 PM,0,-0.0259,32.976
11/7/2022,2:46:42 PM,0,-0.0305,33.001
11/7/2022,2:46:43 PM,0,-0.0259,32.901
11/7/2022,2:46:44 PM,0,-0.0282,32.959
11/7/2022,2:46:45 PM,0,-0.0282,32.934
11/7/2022,2:46:46 PM,0,-0.0251,32.909
11/7/2022,2:46:47 PM,0,-0.0328,32.992
11/7/2022,2:46:48 PM,0,-0.0297,32.909
11/7/2022,2:46:49 PM,0,-0.029,33.017
11/7/2022,2:46:50 PM,0,-0.0212,32.959
11/7/2022,2:46:51 PM,0,-0.0158,32.934
11/7/2022,2:46:52 PM,0,-0.0228,32.959
11/7/2022,2:46:53 PM,0,-0.0274,32.992
11/7/2022,2:46:54 PM,0,-0.0251,32.942
11/7/2022,2:46:55 PM,0,-0.0228,32.884
11/7/2022,2:46:56 PM,0,-0.0197,32.942
11/7/2022,2:46:57 PM,0,-0.0212,32.917
11/7/2022,2:46:58 PM,0,-0.0212,32.926
11/7/2022,2:46:59 PM,0,-0.0297,32.967
11/7/2022,2:47:00 PM,0,-0.0437,32.942
11/7/2022,2:47:01 PM,0,-0.0359,32.976
11/7/2022,2:47:02 PM,0,-0.039,32.917
11/7/2022,2:47:03 PM,0,-0.0297,32.909
11/7/2022,2:47:04 PM,0,-0.0189,32.951
11/7/2022,2:47:05 PM,0,-0.0212,33.025
11/7/2022,2:47:06 PM,0,-0.0158,32.909
11/7/2022,2:47:07 PM,0,-0.0236,33.001
11/7/2022,2:47:08 PM,0,-0.0236,32.951
11/7/2022,2:47:09 PM,0,-0.0228,32.934
11/7/2022,2:47:10 PM,0,-0.0189,32.942
11/7/2022,2:47:11 PM,0,-0.022,32.976
11/7/2022,2:47:12 PM,0,-0.0212,32.901
11/7/2022,2:47:13 PM,0,-0.0267,32.893
11/7/2022,2:47:14 PM,0,-0.0212,33.009
11/7/2022,2:47:15 PM,0,-0.0189,32.876
11/7/2022,2:47:16 PM,0,-0.0212,32.951
11/7/2022,2:47:17 PM,0,-0.0274,32.951
11/7/2022,2:47:18 PM,0,-0.0189,32.951
11/7/2022,2:47:19 PM,0,-0.0305,32.984
11/7/2022,2:47:20 PM,0,-0.0259,32.992
11/7/2022,2:47:21 PM,0,-0.0088,32.893
11/7/2022,2:47:22 PM,0,-0.0096,32.942
11/7/2022,2:47:23 PM,0,-0.0119,32.984
11/7/2022,2:47:24 PM,0,0.0005,32.976
11/7/2022,2:47:25 PM,0,-0.0065,33.059
11/7/2022,2:47:26 PM,0,-0.0088,33.001
11/7/2022,2:47:27 PM,0,-0.0096,33.001
11/7/2022,2:47:28 PM,0,-0.0065,33.001
11/7/2022,2:47:29 PM,0,-0.0112,32.976
11/7/2022,2:47:30 PM,0,-0.0096,32.984
11/7/2022,2:47:31 PM,0,-0.0305,32.959
11/7/2022,2:47:32 PM,0,-0.022,32.967
11/7/2022,2:47:33 PM,0,-0.0236,32.976
11/7/2022,2:47:34 PM,0,-0.022,32.926
11/7/2022,2:47:35 PM,0,-0.022,33.05
11/7/2022,2:47:36 PM,0,-0.0197,32.984
11/7/2022,2:47:37 PM,0,-0.015,32.984
11/7/2022,2:47:38 PM,0,-0.0174,32.942
11/7/2022,2:47:39 PM,0,-0.0236,32.992
11/7/2022,2:47:40 PM,0,-0.0197,32.926
11/7/2022,2:47:41 PM,0,-0.0297,32.984
11/7/2022,2:47:42 PM,0,-0.0228,32.992
11/7/2022,2:47:43 PM,0,-0.0452,32.984
11/7/2022,2:47:44 PM,0,-0.0336,33.042
11/7/2022,2:47:45 PM,0,-0.0328,32.984
11/7/2022,2:47:46 PM,0,-0.0437,32.992
11/7/2022,2:47:47 PM,0,-0.0336,32.926
11/7/2022,2:47:48 PM,0,-0.039,33.001
11/7/2022,2:47:49 PM,0,-0.0414,32.992
11/7/2022,2:47:50 PM,0,-0.0359,32.934
11/7/2022,2:47:51 PM,0,-0.0359,33.009
11/7/2022,2:47:52 PM,0,-0.0181,32.951
11/7/2022,2:47:53 PM,0,-0.0282,33.017
11/7/2022,2:47:54 PM,0,-0.029,32.992
11/7/2022,2:47:55 PM,0,-0.0313,33.05
11/7/2022,2:47:56 PM,0,-0.0174,33.05
11/7/2022,2:47:57 PM,0,-0.0228,32.992
11/7/2022,2:47:58 PM,0,-0.0359,32.984
11/7/2022,2:47:59 PM,0,-0.0352,32.942
11/7/2022,2:48:00 PM,0,-0.0297,33.009
11/7/2022,2:48:01 PM,0,-0.039,32.942
11/7/2022,2:48:02 PM,0,-0.039,32.942
11/7/2022,2:48:03 PM,0,-0.0352,32.942
11/7/2022,2:48:04 PM,0,-0.0328,32.984
11/7/2022,2:48:05 PM,0,-0.0414,33.001
11/7/2022,2:48:06 PM,0,-0.0344,32.984
11/7/2022,2:48:07 PM,0,-0.0375,33.001
11/7/2022,2:48:08 PM,0,-0.0406,33.001
11/7/2022,2:48:09 PM,0,-0.0359,32.976
11/7/2022,2:48:10 PM,0,-0.039,33.009
11/7/2022,2:48:11 PM,0,-0.0243,32.976
11/7/2022,2:48:12 PM,0,-0.0359,33.017
11/7/2022,2:48:13 PM,0,-0.0383,32.976
11/7/2022,2:48:14 PM,0,-0.0383,32.992
11/7/2022,2:48:15 PM,0,-0.0359,33.042
11/7/2022,2:48:16 PM,0,-0.0321,33.009
11/7/2022,2:48:17 PM,0,-0.0352,32.959
11/7/2022,2:48:18 PM,0,-0.0352,32.901
11/7/2022,2:48:19 PM,0,-0.0398,33.017
11/7/2022,2:48:20 PM,0,-0.0321,32.992
11/7/2022,2:48:21 PM,0,-0.0336,33.009
11/7/2022,2:48:22 PM,0,-0.0305,33.075
11/7/2022,2:48:23 PM,0,-0.0352,32.984
11/7/2022,2:48:24 PM,0,-0.0367,33.017
11/7/2022,2:48:25 PM,0,-0.0414,32.934
11/7/2022,2:48:26 PM,0,-0.0398,33.05
11/7/2022,2:48:27 PM,0,-0.0367,33.05
11/7/2022,2:48:28 PM,0,-0.039,32.917
11/7/2022,2:48:29 PM,0,-0.0328,33.025
11/7/2022,2:48:30 PM,0,-0.0127,33.042
11/7/2022,2:48:31 PM,0,-0.0189,33.084
11/7/2022,2:48:32 PM,0,-0.0189,32.951
11/7/2022,2:48:33 PM,0,-0.0236,33.042
11/7/2022,2:48:34 PM,0,-0.0212,33.034
11/7/2022,2:48:35 PM,0,-0.0321,33.025
11/7/2022,2:48:36 PM,0,-0.0251,32.942
11/7/2022,2:48:37 PM,0,-0.0297,33.034
11/7/2022,2:48:38 PM,0,-0.0158,32.984
11/7/2022,2:48:39 PM,0,-0.0212,33.017
11/7/2022,2:48:40 PM,0,-0.0212,32.942
11/7/2022,2:48:41 PM,0,-0.0143,33.1
11/7/2022,2:48:42 PM,0,0.002,33.109
11/7/2022,2:48:43 PM,0,-0.0073,33.017
11/7/2022,2:48:44 PM,0,-0.0026,32.984
11/7/2022,2:48:45 PM,0,-0.0104,33.05
11/7/2022,2:48:46 PM,0,-0.0112,32.992
11/7/2022,2:48:47 PM,0,-0.0305,33.05
11/7/2022,2:48:48 PM,0,-0.0228,32.967
11/7/2022,2:48:49 PM,0,-0.0267,33.034
11/7/2022,2:48:50 PM,0,-0.029,33.067
11/7/2022,2:48:51 PM,0,-0.0251,33.017
11/7/2022,2:48:52 PM,0,-0.0259,33.1
11/7/2022,2:48:53 PM,0,-0.0236,33.059
11/7/2022,2:48:54 PM,0,-0.0251,33.009
11/7/2022,2:48:55 PM,0,-0.0297,33.009
11/7/2022,2:48:56 PM,0,-0.0228,33.001
11/7/2022,2:48:57 PM,0,-0.0321,33.05
11/7/2022,2:48:58 PM,0,-0.0073,32.984
11/7/2022,2:48:59 PM,0,-0.0158,33.092
11/7/2022,2:49:00 PM,0,-0.0127,33.025
11/7/2022,2:49:01 PM,0,-0.0112,33.117
11/7/2022,2:49:02 PM,0,-0.0112,33.025
11/7/2022,2:49:03 PM,0,-0.0081,33.05
11/7/2022,2:49:04 PM,0,0.0082,33.017
11/7/2022,2:49:05 PM,0,0.0051,33.017
11/7/2022,2:49:06 PM,0,0.0097,33.067
11/7/2022,2:49:07 PM,0,0.0082,33.009
11/7/2022,2:49:08 PM,0,0.0113,33.009
11/7/2022,2:49:09 PM,0,0.0028,32.959
11/7/2022,2:49:10 PM,0,0.0066,33.034
11/7/2022,2:49:11 PM,0,0.0066,33.009
11/7/2022,2:49:12 PM,0,0.0121,33.125
11/7/2022,2:49:13 PM,0,0.0043,33.017
11/7/2022,2:49:14 PM,0,0.0097,33.1
11/7/2022,2:49:15 PM,0,0.0043,33.059
11/7/2022,2:49:16 PM,0,0.0074,33.001
11/7/2022,2:49:17 PM,0,0.0035,33.009
11/7/2022,2:49:18 PM,0,0.0074,33.017
11/7/2022,2:49:19 PM,0,0.0005,33.034
11/7/2022,2:49:20 PM,0,0.0066,33.092
11/7/2022,2:49:21 PM,0,0.0043,33.017
11/7/2022,2:49:22 PM,0,0.009,33.092
11/7/2022,2:49:23 PM,0,0.0059,33.025
11/7/2022,2:49:24 PM,0,0.002,33.042
11/7/2022,2:49:25 PM,0,0.0043,33.017
11/7/2022,2:49:26 PM,0,0.009,33.067
11/7/2022,2:49:27 PM,0,0.0043,33.075
11/7/2022,2:49:28 PM,0,0.009,33.059
11/7/2022,2:49:29 PM,0,-0.0003,33.001
11/7/2022,2:49:30 PM,0,-0.005,33.042
11/7/2022,2:49:31 PM,0,-0.0057,33.009
11/7/2022,2:49:32 PM,0,-0.0119,33.1
11/7/2022,2:49:33 PM,0,-0.0119,33.009
11/7/2022,2:49:34 PM,0,-0.005,33.059
11/7/2022,2:49:35 PM,0,-0.0088,33.109
11/7/2022,2:49:36 PM,0,-0.0011,33.109
11/7/2022,2:49:37 PM,0,-0.0057,33.109
11/7/2022,2:49:38 PM,0,-0.0065,33.034
11/7/2022,2:49:39 PM,0,-0.0119,33.05
11/7/2022,2:49:40 PM,0,-0.0019,33.059
11/7/2022,2:49:41 PM,0,-0.0096,33.009
11/7/2022,2:49:42 PM,0,-0.0096,33.001
11/7/2022,2:49:43 PM,0,-0.0112,33.042
11/7/2022,2:49:44 PM,0,-0.0088,33.05
11/7/2022,2:49:45 PM,0,-0.0112,33.001
11/7/2022,2:49:46 PM,0,-0.0034,33.092
11/7/2022,2:49:47 PM,0,-0.0166,33.034
11/7/2022,2:49:48 PM,0,-0.0096,33.075
11/7/2022,2:49:49 PM,0,-0.0073,33.025
11/7/2022,2:49:50 PM,0,-0.0003,33.042
11/7/2022,2:49:51 PM,0,-0.0073,33.067
11/7/2022,2:49:52 PM,0,-0.0034,33.067
11/7/2022,2:49:53 PM,0,-0.0112,32.976
11/7/2022,2:49:54 PM,0,-0.0073,33.084
11/7/2022,2:49:55 PM,0,-0.0127,33.1
11/7/2022,2:49:56 PM,0,-0.0073,33.001
11/7/2022,2:49:57 PM,0,-0.0112,33.059
11/7/2022,2:49:58 PM,0,-0.0158,33.059
11/7/2022,2:49:59 PM,0,-0.0158,33.034
11/7/2022,2:50:00 PM,0,-0.0119,33.067
11/7/2022,2:50:01 PM,0,-0.0174,33.117
11/7/2022,2:50:02 PM,0,-0.0088,33.092
11/7/2022,2:50:03 PM,0,-0.0166,33.042
11/7/2022,2:50:04 PM,0,-0.005,33.133
11/7/2022,2:50:05 PM,0,-0.0026,33.05
11/7/2022,2:50:06 PM,0,0.0059,33.067
11/7/2022,2:50:07 PM,0,-0.0143,33.05
11/7/2022,2:50:08 PM,0,-0.0135,33.117
11/7/2022,2:50:09 PM,0,-0.0081,33.042
11/7/2022,2:50:10 PM,0,-0.0034,33.117
11/7/2022,2:50:11 PM,0,-0.0073,32.976
11/7/2022,2:50:12 PM,0,0.0043,33.025
11/7/2022,2:50:13 PM,0,-0.0127,33.092
11/7/2022,2:50:14 PM,0,0.0005,33.1
11/7/2022,2:50:15 PM,0,-0.0135,33.034
11/7/2022,2:50:16 PM,0,-0.0011,33.067
11/7/2022,2:50:17 PM,0,-0.0073,33.05
11/7/2022,2:50:18 PM,0,-0.0011,33.084
11/7/2022,2:50:19 PM,0,-0.0127,33.05
11/7/2022,2:50:20 PM,0,0.0005,33.133
11/7/2022,2:50:21 PM,0,-0.0088,33.084
11/7/2022,2:50:22 PM,0,-0.005,33.092
11/7/2022,2:50:23 PM,0,-0.0088,33.092
11/7/2022,2:50:24 PM,0,-0.005,33.1
11/7/2022,2:50:25 PM,0,-0.0088,33.092
11/7/2022,2:50:26 PM,0,-0.0073,33.125
11/7/2022,2:50:27 PM,0,-0.0174,33.075
11/7/2022,2:50:28 PM,0,-0.0158,33.133
11/7/2022,2:50:29 PM,0,-0.0197,33.025
11/7/2022,2:50:30 PM,0,-0.0034,33.059
11/7/2022,2:50:31 PM,0,-0.0135,33.092
11/7/2022,2:50:32 PM,0,-0.0034,33.109
11/7/2022,2:50:33 PM,0,-0.0119,33.05
11/7/2022,2:50:34 PM,0,-0.0135,33.092
11/7/2022,2:50:35 PM,0,-0.0259,33.109
11/7/2022,2:50:36 PM,0,-0.0088,33.084
11/7/2022,2:50:37 PM,0,-0.0088,33.075
11/7/2022,2:50:38 PM,0,-0.0096,33.05
11/7/2022,2:50:39 PM,0,-0.0081,33.034
11/7/2022,2:50:40 PM,0,0.0035,33.125
11/7/2022,2:50:41 PM,0,-0.0104,33.084
11/7/2022,2:50:42 PM,0,-0.0011,33.075
11/7/2022,2:50:43 PM,0,-0.0104,33.067
11/7/2022,2:50:44 PM,0,0.0028,33.084
11/7/2022,2:50:45 PM,0,-0.0003,33.042
11/7/2022,2:50:46 PM,0,-0.0065,33.05
11/7/2022,2:50:47 PM,0,-0.0065,33.142
11/7/2022,2:50:48 PM,0,0.0043,33.05
11/7/2022,2:50:49 PM,0,-0.0112,33.059
11/7/2022,2:50:50 PM,0,0.0097,33.133
11/7/2022,2:50:51 PM,0,-0.0096,33.117
11/7/2022,2:50:52 PM,0,-0.0065,33.075
11/7/2022,2:50:53 PM,0,-0.0096,33.084
11/7/2022,2:50:54 PM,0,0.002,33.017
11/7/2022,2:50:55 PM,0,0.0028,33.084
11/7/2022,2:50:56 PM,0,-0.0026,33.1
11/7/2022,2:50:57 PM,0,-0.0065,33.092
11/7/2022,2:50:58 PM,0,-0.005,33.067
11/7/2022,2:50:59 PM,0,-0.0096,33.075
11/7/2022,2:51:00 PM,0,-0.0011,33.092
11/7/2022,2:51:01 PM,0,-0.0065,33.125
11/7/2022,2:51:02 PM,0,0.0051,33.1
11/7/2022,2:51:03 PM,0,-0.0065,33.059
11/7/2022,2:51:04 PM,0,-0.0026,33.117
11/7/2022,2:51:05 PM,0,-0.0073,33.142
11/7/2022,2:51:06 PM,0,0.0059,33.125
11/7/2022,2:51:07 PM,0,-0.0026,33.1
11/7/2022,2:51:08 PM,0,0.0028,33.133
11/7/2022,2:51:09 PM,0,-0.005,33.133
11/7/2022,2:51:10 PM,0,-0.0057,33.109
11/7/2022,2:51:11 PM,0,-0.0119,33.1
11/7/2022,2:51:12 PM,0,-0.0081,33.133
11/7/2022,2:51:13 PM,0,-0.0143,33.117
11/7/2022,2:51:14 PM,0,-0.0135,33.142
11/7/2022,2:51:15 PM,0,-0.015,33.15
11/7/2022,2:51:16 PM,0,-0.0112,33.125
11/7/2022,2:51:17 PM,0,-0.0088,33.084
11/7/2022,2:51:18 PM,0,-0.0057,33.125
11/7/2022,2:51:19 PM,0,-0.005,33.05
11/7/2022,2:51:20 PM,0,0.0035,33.092
11/7/2022,2:51:21 PM,0,-0.0104,33.125
11/7/2022,2:51:22 PM,0,-0.0011,33.142
11/7/2022,2:51:23 PM,0,-0.0088,33.009
11/7/2022,2:51:24 PM,0,-0.005,33.075
11/7/2022,2:51:25 PM,0,-0.0088,33.125
11/7/2022,2:51:26 PM,0,0.002,33.1
11/7/2022,2:51:27 PM,0,-0.0143,33.125
11/7/2022,2:51:28 PM,0,-0.0003,33.133
11/7/2022,2:51:29 PM,0,-0.0119,33.084
11/7/2022,2:51:30 PM,0,-0.0003,33.117
11/7/2022,2:51:31 PM,0,-0.0081,33.059
11/7/2022,2:51:32 PM,0,-0.0104,33.158
11/7/2022,2:51:33 PM,0,-0.0127,33.1
11/7/2022,2:51:34 PM,0,-0.0042,33.109
11/7/2022,2:51:35 PM,0,-0.0081,33.092
11/7/2022,2:51:36 PM,0,-0.0042,33.142
11/7/2022,2:51:37 PM,0,-0.0174,33.142
11/7/2022,2:51:38 PM,0,-0.0042,33.109
11/7/2022,2:51:39 PM,0,-0.0081,33.117
11/7/2022,2:51:40 PM,0,0.0012,33.067
11/7/2022,2:51:41 PM,0,-0.015,33.092
11/7/2022,2:51:42 PM,0,-0.0034,33.183
11/7/2022,2:51:43 PM,0,-0.005,33.1
11/7/2022,2:51:44 PM,0,0.0012,33.084
11/7/2022,2:51:45 PM,0,-0.0104,33.125
11/7/2022,2:51:46 PM,0,0.009,33.15
11/7/2022,2:51:47 PM,0,0.0035,33.15
11/7/2022,2:51:48 PM,0,0.0082,33.117
11/7/2022,2:51:49 PM,0,0.0051,33.084
11/7/2022,2:51:50 PM,0,0.0159,33.109
11/7/2022,2:51:51 PM,0,0.0043,33.05
11/7/2022,2:51:52 PM,0,0.002,33.117
11/7/2022,2:51:53 PM,0,-0.0135,33.133
11/7/2022,2:51:54 PM,0,-0.0042,33.117
11/7/2022,2:51:55 PM,0,-0.0143,33.125
11/7/2022,2:51:56 PM,0,0.0012,33.125
11/7/2022,2:51:57 PM,0,-0.0127,33.183
11/7/2022,2:51:58 PM,0,-0.0073,33.15
11/7/2022,2:51:59 PM,0,-0.0166,33.125
11/7/2022,2:52:00 PM,0,0.0043,33.158
11/7/2022,2:52:01 PM,0,0.0051,33.092
11/7/2022,2:52:02 PM,0,0.0128,33.125
11/7/2022,2:52:03 PM,0,0.0082,33.167
11/7/2022,2:52:04 PM,0,0.019,33.15
11/7/2022,2:52:05 PM,0,0.009,33.092
11/7/2022,2:52:06 PM,0,0.0214,33.109
11/7/2022,2:52:07 PM,0,-0.0011,33.1
11/7/2022,2:52:08 PM,0,0.0059,33.084
11/7/2022,2:52:09 PM,0,-0.0019,33.109
11/7/2022,2:52:10 PM,0,0.0059,33.15
11/7/2022,2:52:11 PM,0,-0.0073,33.158
11/7/2022,2:52:12 PM,0,-0.0042,33.117
11/7/2022,2:52:13 PM,0,-0.0042,33.15
11/7/2022,2:52:14 PM,0,0.0035,33.142
11/7/2022,2:52:15 PM,0,0.0005,33.133
11/7/2022,2:52:16 PM,0,0.0035,33.158
11/7/2022,2:52:17 PM,0,-0.0019,33.15
11/7/2022,2:52:18 PM,0,0.0082,33.142
11/7/2022,2:52:19 PM,0,-0.0019,33.125
11/7/2022,2:52:20 PM,0,0.002,33.133
11/7/2022,2:52:21 PM,0,0.0035,33.142
11/7/2022,2:52:22 PM,0,0.0175,33.1
11/7/2022,2:52:23 PM,0,0.0105,33.109
11/7/2022,2:52:24 PM,0,0.019,33.117
11/7/2022,2:52:25 PM,0,0.0159,33.125
11/7/2022,2:52:26 PM,0,0.0268,33.15
11/7/2022,2:52:27 PM,0,0.0198,33.158
11/7/2022,2:52:28 PM,0,0.0229,33.125
11/7/2022,2:52:29 PM,0,0.0291,33.167
11/7/2022,2:52:30 PM,0,0.0291,33.133
11/7/2022,2:52:31 PM,0,0.0276,33.109
11/7/2022,2:52:32 PM,0,0.0337,33.158
11/7/2022,2:52:33 PM,0,0.026,33.142
11/7/2022,2:52:34 PM,0,0.0276,33.158
11/7/2022,2:52:35 PM,0,0.0214,33.125
11/7/2022,2:52:36 PM,0,0.026,33.133
11/7/2022,2:52:37 PM,0,0.0221,33.084
11/7/2022,2:52:38 PM,0,0.0276,33.167
11/7/2022,2:52:39 PM,0,0.0252,33.142
11/7/2022,2:52:40 PM,0,0.0299,33.117
11/7/2022,2:52:41 PM,0,0.0221,33.142
11/7/2022,2:52:42 PM,0,0.026,33.075
11/7/2022,2:52:43 PM,0,0.0214,33.109
11/7/2022,2:52:44 PM,0,0.0283,33.158
11/7/2022,2:52:45 PM,0,0.019,33.167
11/7/2022,2:52:46 PM,0,0.0229,33.1
11/7/2022,2:52:47 PM,0,0.0159,33.158
11/7/2022,2:52:48 PM,0,0.0299,33.167
11/7/2022,2:52:49 PM,0,0.0198,33.092
11/7/2022,2:52:50 PM,0,0.0276,33.167
11/7/2022,2:52:51 PM,0,0.0167,33.15
11/7/2022,2:52:52 PM,0,0.026,33.109
11/7/2022,2:52:53 PM,0,0.0221,33.125
11/7/2022,2:52:54 PM,0,0.0252,33.175
11/7/2022,2:52:55 PM,0,0.0237,33.15
11/7/2022,2:52:56 PM,0,0.0299,33.133
11/7/2022,2:52:57 PM,0,0.0175,33.117
11/7/2022,2:52:58 PM,0,0.0291,33.183
11/7/2022,2:52:59 PM,0,0.0175,33.109
11/7/2022,2:53:00 PM,0,0.0252,33.142
11/7/2022,2:53:01 PM,0,0.0229,33.125
11/7/2022,2:53:02 PM,0,0.0314,33.117
11/7/2022,2:53:03 PM,0,0.0291,33.158
11/7/2022,2:53:04 PM,0,0.0407,33.158
11/7/2022,2:53:05 PM,0,0.0345,33.158
11/7/2022,2:53:06 PM,0,0.0337,33.125
11/7/2022,2:53:07 PM,0,0.0345,33.158
11/7/2022,2:53:08 PM,0,0.0485,33.125
11/7/2022,2:53:09 PM,0,0.0268,33.075
11/7/2022,2:53:10 PM,0,0.0454,33.142
11/7/2022,2:53:11 PM,0,0.0245,33.133
11/7/2022,2:53:12 PM,0,0.0175,33.125
11/7/2022,2:53:13 PM,0,0.0035,33.15
11/7/2022,2:53:14 PM,0,0.0082,33.158
11/7/2022,2:53:15 PM,0,-0.0127,33.109
11/7/2022,2:53:16 PM,0,-0.0019,33.125
11/7/2022,2:53:17 PM,0,-0.0127,33.15
11/7/2022,2:53:18 PM,0,-0.0042,33.15
11/7/2022,2:53:19 PM,0,-0.0205,33.15
11/7/2022,2:53:20 PM,0,-0.0065,33.133
11/7/2022,2:53:21 PM,0,-0.0174,33.15
11/7/2022,2:53:22 PM,0,-0.0057,33.167
11/7/2022,2:53:23 PM,0,-0.0174,33.192
11/7/2022,2:53:24 PM,0,-0.0135,33.158
11/7/2022,2:53:25 PM,0,-0.0344,33.158
11/7/2022,2:53:26 PM,0,-0.0189,33.142
11/7/2022,2:53:27 PM,0,-0.0383,33.167
11/7/2022,2:53:28 PM,0,-0.0143,33.059
11/7/2022,2:53:29 PM,0,-0.0243,33.15
11/7/2022,2:53:30 PM,0,-0.0081,33.167
11/7/2022,2:53:31 PM,0,-0.0236,33.158
11/7/2022,2:53:32 PM,0,-0.0135,33.1
11/7/2022,2:53:33 PM,0,-0.0236,33.192
11/7/2022,2:53:34 PM,0,-0.0065,33.15
11/7/2022,2:53:35 PM,0,-0.029,33.183
11/7/2022,2:53:36 PM,0,-0.0181,33.158
11/7/2022,2:53:37 PM,0,-0.0282,33.109
11/7/2022,2:53:38 PM,0,-0.0174,33.142
11/7/2022,2:53:39 PM,0,-0.0259,33.133
11/7/2022,2:53:40 PM,0,-0.0143,33.109
11/7/2022,2:53:41 PM,0,-0.0259,33.1
11/7/2022,2:53:42 PM,0,-0.015,33.158
11/7/2022,2:53:43 PM,0,-0.0267,33.109
11/7/2022,2:53:44 PM,0,-0.0181,33.125
11/7/2022,2:53:45 PM,0,-0.0228,33.109
11/7/2022,2:53:46 PM,0,-0.0073,33.125
11/7/2022,2:53:47 PM,0,-0.029,33.084
11/7/2022,2:53:48 PM,0,-0.0189,33.1
11/7/2022,2:53:49 PM,0,-0.0367,33.142
11/7/2022,2:53:50 PM,0,-0.015,33.133
11/7/2022,2:53:51 PM,0,-0.0305,33.142
11/7/2022,2:53:52 PM,0,-0.0158,33.167
11/7/2022,2:53:53 PM,0,-0.0328,33.133
11/7/2022,2:53:54 PM,0,-0.0212,33.109
11/7/2022,2:53:55 PM,0,-0.0321,33.142
11/7/2022,2:53:56 PM,0,-0.022,33.133
11/7/2022,2:53:57 PM,0,-0.0429,33.125
11/7/2022,2:53:58 PM,0,-0.0243,33.109
11/7/2022,2:53:59 PM,0,-0.0267,33.167
11/7/2022,2:54:00 PM,0,-0.0212,33.175
11/7/2022,2:54:01 PM,0,-0.0251,33.15
11/7/2022,2:54:02 PM,0,-0.0135,33.1
11/7/2022,2:54:03 PM,0,-0.0282,33.117
11/7/2022,2:54:04 PM,0,-0.0251,33.092
11/7/2022,2:54:05 PM,0,-0.0421,33.133
11/7/2022,2:54:06 PM,0,-0.0336,33.117
11/7/2022,2:54:07 PM,0,-0.0359,33.175
11/7/2022,2:54:08 PM,0,-0.022,33.15
11/7/2022,2:54:09 PM,0,-0.0352,33.175
11/7/2022,2:54:10 PM,0,-0.0243,33.142
11/7/2022,2:54:11 PM,0,-0.0476,33.183
11/7/2022,2:54:12 PM,0,-0.029,33.125
11/7/2022,2:54:13 PM,0,-0.0406,33.1
11/7/2022,2:54:14 PM,0,-0.0352,33.158
11/7/2022,2:54:15 PM,0,-0.0483,33.092
11/7/2022,2:54:16 PM,0,-0.0476,33.109
11/7/2022,2:54:17 PM,0,-0.0545,33.109
11/7/2022,2:54:18 PM,0,-0.0437,33.05
11/7/2022,2:54:19 PM,0,-0.0592,33.15
11/7/2022,2:54:20 PM,0,-0.0476,33.167
11/7/2022,2:54:21 PM,0,-0.0561,33.125
11/7/2022,2:54:22 PM,0,-0.0452,33.142
11/7/2022,2:54:23 PM,0,-0.0514,33.167
11/7/2022,2:54:24 PM,0,-0.0452,33.133
11/7/2022,2:54:25 PM,0,-0.0514,33.158
11/7/2022,2:54:26 PM,0,-0.0476,33.125
11/7/2022,2:54:27 PM,0,-0.0514,33.192
11/7/2022,2:54:28 PM,0,-0.0476,33.15
11/7/2022,2:54:29 PM,0,-0.0522,33.125
11/7/2022,2:54:30 PM,0,-0.0367,33.133
11/7/2022,2:54:31 PM,0,-0.0499,33.15
11/7/2022,2:54:32 PM,0,-0.039,33.084
11/7/2022,2:54:33 PM,0,-0.0514,33.15
11/7/2022,2:54:34 PM,0,-0.0421,33.167
11/7/2022,2:54:35 PM,0,-0.0445,33.175
11/7/2022,2:54:36 PM,0,-0.0383,33.183
11/7/2022,2:54:37 PM,0,-0.0445,33.142
11/7/2022,2:54:38 PM,0,-0.0398,33.133
11/7/2022,2:54:39 PM,0,-0.053,33.133
11/7/2022,2:54:40 PM,0,-0.0375,33.158
11/7/2022,2:54:41 PM,0,-0.0452,33.142
11/7/2022,2:54:42 PM,0,-0.0305,33.183
11/7/2022,2:54:43 PM,0,-0.0491,33.167
11/7/2022,2:54:44 PM,0,-0.0383,33.092
11/7/2022,2:54:45 PM,0,-0.0445,33.167
11/7/2022,2:54:46 PM,0,-0.0321,33.175
11/7/2022,2:54:47 PM,0,-0.0468,33.15
11/7/2022,2:54:48 PM,0,-0.0383,33.167
11/7/2022,2:54:49 PM,0,-0.0452,33.133
11/7/2022,2:54:50 PM,0,-0.0406,33.142
11/7/2022,2:54:51 PM,0,-0.0437,33.175
11/7/2022,2:54:52 PM,0,-0.0321,33.133
11/7/2022,2:54:53 PM,0,-0.0514,33.125
11/7/2022,2:54:54 PM,0,-0.0421,33.125
11/7/2022,2:54:55 PM,0,-0.0491,33.133
11/7/2022,2:54:56 PM,0,-0.0375,33.15
11/7/2022,2:54:57 PM,0,-0.0507,33.142
11/7/2022,2:54:58 PM,0,-0.0445,33.192
11/7/2022,2:54:59 PM,0,-0.0398,33.142
11/7/2022,2:55:00 PM,0,-0.0383,33.117
11/7/2022,2:55:01 PM,0,-0.0476,33.183
11/7/2022,2:55:02 PM,0,-0.0398,33.133
11/7/2022,2:55:03 PM,0,-0.0514,33.167
11/7/2022,2:55:04 PM,0,-0.0367,33.15
11/7/2022,2:55:05 PM,0,-0.0452,33.117
11/7/2022,2:55:06 PM,0,-0.0321,33.192
11/7/2022,2:55:07 PM,0,-0.0507,33.183
11/7/2022,2:55:08 PM,0,-0.0352,33.208
11/7/2022,2:55:09 PM,0,-0.046,33.109
11/7/2022,2:55:10 PM,0,-0.0344,33.175
11/7/2022,2:55:11 PM,0,-0.0483,33.125
11/7/2022,2:55:12 PM,0,-0.0367,33.167
11/7/2022,2:55:13 PM,0,-0.0538,33.167
11/7/2022,2:55:14 PM,0,-0.039,33.125
11/7/2022,2:55:15 PM,0,-0.0522,33.15
11/7/2022,2:55:16 PM,0,-0.029,33.125
11/7/2022,2:55:17 PM,0,-0.0483,33.175
11/7/2022,2:55:18 PM,0,-0.0367,33.092
11/7/2022,2:55:19 PM,0,-0.0476,33.167
11/7/2022,2:55:20 PM,0,-0.0305,33.183
11/7/2022,2:55:21 PM,0,-0.046,33.175
11/7/2022,2:55:22 PM,0,-0.0352,33.15
11/7/2022,2:55:23 PM,0,-0.0483,33.158
11/7/2022,2:55:24 PM,0,-0.0336,33.167
11/7/2022,2:55:25 PM,0,-0.0476,33.175
11/7/2022,2:55:26 PM,0,-0.0367,33.142
11/7/2022,2:55:27 PM,0,-0.0522,33.15
11/7/2022,2:55:28 PM,0,-0.0437,33.175
11/7/2022,2:55:29 PM,0,-0.0491,33.183
11/7/2022,2:55:30 PM,0,-0.0383,33.15
11/7/2022,2:55:31 PM,0,-0.0514,33.15
11/7/2022,2:55:32 PM,0,-0.0414,33.167
11/7/2022,2:55:33 PM,0,-0.0553,33.142
11/7/2022,2:55:34 PM,0,-0.039,33.167
11/7/2022,2:55:35 PM,0,-0.0576,33.2
11/7/2022,2:55:36 PM,0,-0.0421,33.175
11/7/2022,2:55:37 PM,0,-0.0514,33.142
11/7/2022,2:55:38 PM,0,-0.0429,33.125
11/7/2022,2:55:39 PM,0,-0.0545,33.15
11/7/2022,2:55:40 PM,0,-0.0352,33.142
11/7/2022,2:55:41 PM,0,-0.046,33.183
11/7/2022,2:55:42 PM,0,-0.0336,33.142
11/7/2022,2:55:43 PM,0,-0.0483,33.158
11/7/2022,2:55:44 PM,0,-0.0344,33.117
11/7/2022,2:55:45 PM,0,-0.0491,33.175
11/7/2022,2:55:46 PM,0,-0.039,33.167
11/7/2022,2:55:47 PM,0,-0.0483,33.2
11/7/2022,2:55:48 PM,0,-0.0383,33.1
11/7/2022,2:55:49 PM,0,-0.0421,33.175
11/7/2022,2:55:50 PM,0,-0.0352,33.092
11/7/2022,2:55:51 PM,0,-0.0452,33.117
11/7/2022,2:55:52 PM,0,-0.0321,33.158
11/7/2022,2:55:53 PM,0,-0.0468,33.142
11/7/2022,2:55:54 PM,0,-0.0352,33.1
11/7/2022,2:55:55 PM,0,-0.0421,33.092
11/7/2022,2:55:56 PM,0,-0.0297,33.167
11/7/2022,2:55:57 PM,0,-0.0491,33.117
11/7/2022,2:55:58 PM,0,-0.0375,33.133
11/7/2022,2:55:59 PM,0,-0.0468,33.183
11/7/2022,2:56:00 PM,0,-0.0352,33.125
11/7/2022,2:56:01 PM,0,-0.0476,33.158
11/7/2022,2:56:02 PM,0,-0.0336,33.175
11/7/2022,2:56:03 PM,0,-0.046,33.117
11/7/2022,2:56:04 PM,0,-0.039,33.133
11/7/2022,2:56:05 PM,0,-0.0421,33.15
11/7/2022,2:56:06 PM,0,-0.039,33.142
11/7/2022,2:56:07 PM,0,-0.0499,33.125
11/7/2022,2:56:08 PM,0,-0.0344,33.175
11/7/2022,2:56:09 PM,0,-0.0499,33.175
11/7/2022,2:56:10 PM,0,-0.0359,33.2
11/7/2022,2:56:11 PM,0,-0.0452,33.15
11/7/2022,2:56:12 PM,0,-0.0352,33.175
11/7/2022,2:56:13 PM,0,-0.0483,33.183
11/7/2022,2:56:14 PM,0,-0.0375,33.167
11/7/2022,2:56:15 PM,0,-0.0468,33.175
11/7/2022,2:56:16 PM,0,-0.0313,33.167
11/7/2022,2:56:17 PM,0,-0.0522,33.158
11/7/2022,2:56:18 PM,0,-0.0367,33.2
11/7/2022,2:56:19 PM,0,-0.0499,33.192
11/7/2022,2:56:20 PM,0,-0.0429,33.142
11/7/2022,2:56:21 PM,0,-0.0522,33.183
11/7/2022,2:56:22 PM,0,-0.0328,33.167
11/7/2022,2:56:23 PM,0,-0.0538,33.158
11/7/2022,2:56:24 PM,0,-0.0383,33.183
11/7/2022,2:56:25 PM,0,-0.0476,33.158
11/7/2022,2:56:26 PM,0,-0.0267,33.167
11/7/2022,2:56:27 PM,0,-0.046,33.175
11/7/2022,2:56:28 PM,0,-0.029,33.15
11/7/2022,2:56:29 PM,0,-0.0483,33.15
11/7/2022,2:56:30 PM,0,-0.0305,33.183
11/7/2022,2:56:31 PM,0,-0.0499,33.175
11/7/2022,2:56:32 PM,0,-0.0375,33.192
11/7/2022,2:56:33 PM,0,-0.0522,33.2
11/7/2022,2:56:34 PM,0,-0.0421,33.2
11/7/2022,2:56:35 PM,0,-0.0545,33.192
11/7/2022,2:56:36 PM,0,-0.0367,33.208
11/7/2022,2:56:37 PM,0,-0.0545,33.192
11/7/2022,2:56:38 PM,0,-0.0359,33.192
11/7/2022,2:56:39 PM,0,-0.0491,33.183
11/7/2022,2:56:40 PM,0,-0.039,33.167
11/7/2022,2:56:41 PM,0,-0.0584,33.175
11/7/2022,2:56:42 PM,0,-0.0328,33.183
11/7/2022,2:56:43 PM,0,-0.0568,33.158
11/7/2022,2:56:44 PM,0,-0.039,33.175
11/7/2022,2:56:45 PM,0,-0.0553,33.167
11/7/2022,2:56:46 PM,0,-0.0352,33.2
11/7/2022,2:56:47 PM,0,-0.0507,33.158
11/7/2022,2:56:48 PM,0,-0.0282,33.142
11/7/2022,2:56:49 PM,0,-0.046,33.183
11/7/2022,2:56:50 PM,0,-0.0344,33.167
11/7/2022,2:56:51 PM,0,-0.0429,33.15
11/7/2022,2:56:52 PM,0,-0.0282,33.183
11/7/2022,2:56:53 PM,0,-0.0491,33.1
11/7/2022,2:56:54 PM,0,-0.0321,33.158
11/7/2022,2:56:55 PM,0,-0.0491,33.158
11/7/2022,2:56:56 PM,0,-0.0259,33.175
11/7/2022,2:56:57 PM,0,-0.0522,33.158
11/7/2022,2:56:58 PM,0,-0.0336,33.15
11/7/2022,2:56:59 PM,0,-0.0468,33.192
11/7/2022,2:57:00 PM,0,-0.0344,33.15
11/7/2022,2:57:01 PM,0,-0.0514,33.158
11/7/2022,2:57:02 PM,0,-0.0359,33.175
11/7/2022,2:57:03 PM,0,-0.0491,33.175
11/7/2022,2:57:04 PM,0,-0.0344,33.158
11/7/2022,2:57:05 PM,0,-0.0445,33.183
11/7/2022,2:57:06 PM,0,-0.0344,33.167
11/7/2022,2:57:07 PM,0,-0.0483,33.183
11/7/2022,2:57:08 PM,0,-0.0344,33.158
11/7/2022,2:57:09 PM,0,-0.0545,33.183
11/7/2022,2:57:10 PM,0,-0.0251,33.183
11/7/2022,2:57:11 PM,0,-0.0491,33.167
11/7/2022,2:57:12 PM,0,-0.0352,33.175
11/7/2022,2:57:13 PM,0,-0.0538,33.158
11/7/2022,2:57:14 PM,0,-0.0336,33.175
11/7/2022,2:57:15 PM,0,-0.0445,33.175
11/7/2022,2:57:16 PM,0,-0.0305,33.183
11/7/2022,2:57:17 PM,0,-0.0468,33.167
11/7/2022,2:57:18 PM,0,-0.0344,33.158
11/7/2022,2:57:19 PM,0,-0.0483,33.15
11/7/2022,2:57:20 PM,0,-0.0305,33.175
11/7/2022,2:57:21 PM,0,-0.0476,33.192
11/7/2022,2:57:22 PM,0,-0.0282,33.175
11/7/2022,2:57:23 PM,0,-0.0499,33.192
11/7/2022,2:57:24 PM,0,-0.0359,33.183
11/7/2022,2:57:25 PM,0,-0.0545,33.192
11/7/2022,2:57:26 PM,0,-0.0305,33.167
11/7/2022,2:57:27 PM,0,-0.0491,33.15
11/7/2022,2:57:28 PM,0,-0.0297,33.175
11/7/2022,2:57:29 PM,0,-0.0538,33.167
11/7/2022,2:57:30 PM,0,-0.0313,33.183
11/7/2022,2:57:31 PM,0,-0.0522,33.192
11/7/2022,2:57:32 PM,0,-0.0282,33.158
11/7/2022,2:57:33 PM,0,-0.0514,33.167
11/7/2022,2:57:34 PM,0,-0.0352,33.175
11/7/2022,2:57:35 PM,0,-0.0445,33.15
11/7/2022,2:57:36 PM,0,-0.0305,33.225
11/7/2022,2:57:37 PM,0,-0.0553,33.175
11/7/2022,2:57:38 PM,0,-0.0414,33.2
11/7/2022,2:57:39 PM,0,-0.0545,33.175
11/7/2022,2:57:40 PM,0,-0.0445,33.192
11/7/2022,2:57:41 PM,0,-0.0507,33.15
11/7/2022,2:57:42 PM,0,-0.039,33.2
11/7/2022,2:57:43 PM,0,-0.0538,33.183
11/7/2022,2:57:44 PM,0,-0.0406,33.183
11/7/2022,2:57:45 PM,0,-0.0545,33.142
11/7/2022,2:57:46 PM,0,-0.0367,33.2
11/7/2022,2:57:47 PM,0,-0.053,33.192
11/7/2022,2:57:48 PM,0,-0.0406,33.192
11/7/2022,2:57:49 PM,0,-0.0522,33.175
11/7/2022,2:57:50 PM,0,-0.0468,33.175
11/7/2022,2:57:51 PM,0,-0.0568,33.2
11/7/2022,2:57:52 PM,0,-0.0398,33.2
11/7/2022,2:57:53 PM,0,-0.0483,33.167
11/7/2022,2:57:54 PM,0,-0.0421,33.158
11/7/2022,2:57:55 PM,0,-0.0437,33.175
11/7/2022,2:57:56 PM,0,-0.0297,33.2
11/7/2022,2:57:57 PM,0,-0.0476,33.15
11/7/2022,2:57:58 PM,0,-0.0383,33.175
11/7/2022,2:57:59 PM,0,-0.0514,33.183
11/7/2022,2:58:00 PM,0,-0.0375,33.175
11/7/2022,2:58:01 PM,0,-0.0483,33.2
11/7/2022,2:58:02 PM,0,-0.0328,33.175
11/7/2022,2:58:03 PM,0,-0.0507,33.183
11/7/2022,2:58:04 PM,0,-0.0375,33.192
11/7/2022,2:58:05 PM,0,-0.0483,33.175
11/7/2022,2:58:06 PM,0,-0.0336,33.175
11/7/2022,2:58:07 PM,0,-0.0514,33.192
11/7/2022,2:58:08 PM,0,-0.0359,33.15
11/7/2022,2:58:09 PM,0,-0.0491,33.192
11/7/2022,2:58:10 PM,0,-0.0344,33.208
11/7/2022,2:58:11 PM,0,-0.0507,33.217
11/7/2022,2:58:12 PM,0,-0.0359,33.208
11/7/2022,2:58:13 PM,0,-0.0553,33.192
11/7/2022,2:58:14 PM,0,-0.0367,33.2
11/7/2022,2:58:15 PM,0,-0.053,33.175
11/7/2022,2:58:16 PM,0,-0.0383,33.2
11/7/2022,2:58:17 PM,0,-0.0553,33.175
11/7/2022,2:58:18 PM,0,-0.0321,33.175
11/7/2022,2:58:19 PM,0,-0.0538,33.208
11/7/2022,2:58:20 PM,0,-0.0344,33.183
11/7/2022,2:58:21 PM,0,-0.0561,33.142
11/7/2022,2:58:22 PM,0,-0.0344,33.192
11/7/2022,2:58:23 PM,0,-0.0483,33.208
11/7/2022,2:58:24 PM,0,-0.0336,33.183
11/7/2022,2:58:25 PM,0,-0.0507,33.183
11/7/2022,2:58:26 PM,0,-0.029,33.2
11/7/2022,2:58:27 PM,0,-0.0476,33.158
11/7/2022,2:58:28 PM,0,-0.0344,33.175
11/7/2022,2:58:29 PM,0,-0.0507,33.2
11/7/2022,2:58:30 PM,0,-0.0313,33.2
11/7/2022,2:58:31 PM,0,-0.0522,33.175
11/7/2022,2:58:32 PM,0,-0.0352,33.217
11/7/2022,2:58:33 PM,0,-0.0538,33.167
11/7/2022,2:58:34 PM,0,-0.0383,33.183
11/7/2022,2:58:35 PM,0,-0.0491,33.183
11/7/2022,2:58:36 PM,0,-0.0359,33.133
11/7/2022,2:58:37 PM,0,-0.0514,33.2
11/7/2022,2:58:38 PM,0,-0.0336,33.142
11/7/2022,2:58:39 PM,0,-0.0499,33.117
11/7/2022,2:58:40 PM,0,-0.0313,33.183
11/7/2022,2:58:41 PM,0,-0.0445,33.142
11/7/2022,2:58:42 PM,0,-0.0328,33.217
11/7/2022,2:58:43 PM,0,-0.0568,33.175
11/7/2022,2:58:44 PM,0,-0.039,33.217
11/7/2022,2:58:45 PM,0,-0.0476,33.225
11/7/2022,2:58:46 PM,0,-0.0375,33.208
11/7/2022,2:58:47 PM,0,-0.0545,33.183
11/7/2022,2:58:48 PM,0,-0.0359,33.192
11/7/2022,2:58:49 PM,0,-0.0522,33.208
11/7/2022,2:58:50 PM,0,-0.0352,33.192
11/7/2022,2:58:51 PM,0,-0.053,33.217
11/7/2022,2:58:52 PM,0,-0.0437,33.208
11/7/2022,2:58:53 PM,0,-0.0615,33.192
11/7/2022,2:58:54 PM,0,-0.0398,33.2
11/7/2022,2:58:55 PM,0,-0.0545,33.2
11/7/2022,2:58:56 PM,0,-0.0437,33.192
11/7/2022,2:58:57 PM,0,-0.0553,33.175
11/7/2022,2:58:58 PM,0,-0.0375,33.2
11/7/2022,2:58:59 PM,0,-0.0499,33.15
11/7/2022,2:59:00 PM,0,-0.0313,33.2
11/7/2022,2:59:01 PM,0,-0.0545,33.158
11/7/2022,2:59:02 PM,0,-0.0297,33.167
11/7/2022,2:59:03 PM,0,-0.0452,33.208
11/7/2022,2:59:04 PM,0,-0.0344,33.2
11/7/2022,2:59:05 PM,0,-0.0522,33.225
11/7/2022,2:59:06 PM,0,-0.0297,33.183
11/7/2022,2:59:07 PM,0,-0.0522,33.208
11/7/2022,2:59:08 PM,0,-0.0321,33.192
11/7/2022,2:59:09 PM,0,-0.0545,33.183
11/7/2022,2:59:10 PM,0,-0.029,33.217
11/7/2022,2:59:11 PM,0,-0.0514,33.158
11/7/2022,2:59:12 PM,0,-0.0328,33.2
11/7/2022,2:59:13 PM,0,-0.0499,33.175
11/7/2022,2:59:14 PM,0,-0.0344,33.183
11/7/2022,2:59:15 PM,0,-0.0545,33.183
11/7/2022,2:59:16 PM,0,-0.029,33.192
11/7/2022,2:59:17 PM,0,-0.0553,33.158
11/7/2022,2:59:18 PM,0,-0.0313,33.2
11/7/2022,2:59:19 PM,0,-0.053,33.217
11/7/2022,2:59:20 PM,0,-0.0297,33.167
11/7/2022,2:59:21 PM,0,-0.0514,33.208
11/7/2022,2:59:22 PM,0,-0.0297,33.2
11/7/2022,2:59:23 PM,0,-0.0545,33.183
11/7/2022,2:59:24 PM,0,-0.0313,33.217
11/7/2022,2:59:25 PM,0,-0.0538,33.183
11/7/2022,2:59:26 PM,0,-0.0352,33.167
11/7/2022,2:59:27 PM,0,-0.053,33.2
11/7/2022,2:59:28 PM,0,-0.0336,33.175
11/7/2022,2:59:29 PM,0,-0.0522,33.183
11/7/2022,2:59:30 PM,0,-0.0305,33.175
11/7/2022,2:59:31 PM,0,-0.0538,33.225
11/7/2022,2:59:32 PM,0,-0.0359,33.192
11/7/2022,2:59:33 PM,0,-0.0538,33.15
11/7/2022,2:59:34 PM,0,-0.0367,33.208
11/7/2022,2:59:35 PM,0,-0.0491,33.2
11/7/2022,2:59:36 PM,0,-0.0429,33.183
11/7/2022,2:59:37 PM,0,-0.0561,33.142
11/7/2022,2:59:38 PM,0,-0.0352,33.192
11/7/2022,2:59:39 PM,0,-0.0538,33.2
11/7/2022,2:59:40 PM,0,-0.0367,33.208
11/7/2022,2:59:41 PM,0,-0.0568,33.208
11/7/2022,2:59:42 PM,0,-0.039,33.183
11/7/2022,2:59:43 PM,0,-0.053,33.217
11/7/2022,2:59:44 PM,0,-0.0251,33.183
11/7/2022,2:59:45 PM,0,-0.0514,33.167
11/7/2022,2:59:46 PM,0,-0.0259,33.167
11/7/2022,2:59:47 PM,0,-0.0514,33.175
11/7/2022,2:59:48 PM,0,-0.0352,33.217
11/7/2022,2:59:49 PM,0,-0.0545,33.2
11/7/2022,2:59:50 PM,0,-0.0375,33.183
11/7/2022,2:59:51 PM,0,-0.0561,33.158
11/7/2022,2:59:52 PM,0,-0.0421,33.225
11/7/2022,2:59:53 PM,0,-0.0545,33.217
11/7/2022,2:59:54 PM,0,-0.039,33.208
11/7/2022,2:59:55 PM,0,-0.0538,33.183
11/7/2022,2:59:56 PM,0,-0.0437,33.192
11/7/2022,2:59:57 PM,0,-0.0522,33.192
11/7/2022,2:59:58 PM,0,-0.0437,33.167
11/7/2022,2:59:59 PM,0,-0.053,33.208
11/7/2022,3:00:00 PM,0,-0.039,33.217
11/7/2022,3:00:01 PM,0,-0.0545,33.2
11/7/2022,3:00:02 PM,0,-0.0406,33.192
11/7/2022,3:00:03 PM,0,-0.0568,33.208
11/7/2022,3:00:04 PM,0,-0.0429,33.217
11/7/2022,3:00:05 PM,0,-0.0522,33.208
11/7/2022,3:00:06 PM,0,-0.0321,33.167
11/7/2022,3:00:07 PM,0,-0.0507,33.183
11/7/2022,3:00:08 PM,0,-0.0352,33.208
11/7/2022,3:00:09 PM,0,-0.0599,33.2
11/7/2022,3:00:10 PM,0,-0.029,33.183
11/7/2022,3:00:11 PM,0,-0.0553,33.192
11/7/2022,3:00:12 PM,0,-0.0352,33.2
11/7/2022,3:00:13 PM,0,-0.0561,33.208
11/7/2022,3:00:14 PM,0,-0.0243,33.225
11/7/2022,3:00:15 PM,0,-0.0522,33.208
11/7/2022,3:00:16 PM,0,-0.029,33.192
11/7/2022,3:00:17 PM,0,-0.0491,33.2
11/7/2022,3:00:18 PM,0,-0.0259,33.192
11/7/2022,3:00:19 PM,0,-0.0514,33.183
11/7/2022,3:00:20 PM,0,-0.0274,33.2
11/7/2022,3:00:21 PM,0,-0.0491,33.208
11/7/2022,3:00:22 PM,0,-0.0452,33.225
11/7/2022,3:00:23 PM,0,-0.0468,33.208
11/7/2022,3:00:24 PM,0,-0.0321,33.217
11/7/2022,3:00:25 PM,0,-0.0476,33.208
11/7/2022,3:00:26 PM,0,-0.0297,33.183
11/7/2022,3:00:27 PM,0,-0.0507,33.192
11/7/2022,3:00:28 PM,0,-0.0352,33.208
11/7/2022,3:00:29 PM,0,-0.0491,33.183
11/7/2022,3:00:30 PM,0,-0.0328,33.183
11/7/2022,3:00:31 PM,0,-0.053,33.192
11/7/2022,3:00:32 PM,0,-0.0274,33.2
11/7/2022,3:00:33 PM,0,-0.0538,33.208
11/7/2022,3:00:34 PM,0,-0.0328,33.2
11/7/2022,3:00:35 PM,0,-0.0468,33.2
11/7/2022,3:00:36 PM,0,-0.0344,33.208
11/7/2022,3:00:37 PM,0,-0.0468,33.225
11/7/2022,3:00:38 PM,0,-0.0282,33.208
11/7/2022,3:00:39 PM,0,-0.0491,33.208
11/7/2022,3:00:40 PM,0,-0.0305,33.233
11/7/2022,3:00:41 PM,0,-0.0522,33.2
11/7/2022,3:00:42 PM,0,-0.0321,33.208
11/7/2022,3:00:43 PM,0,-0.0561,33.167
11/7/2022,3:00:44 PM,0,-0.0297,33.183
11/7/2022,3:00:45 PM,0,-0.0522,33.192
11/7/2022,3:00:46 PM,0,-0.0313,33.183
11/7/2022,3:00:47 PM,0,-0.0507,33.2
11/7/2022,3:00:48 PM,0,-0.0305,33.192
11/7/2022,3:00:49 PM,0,-0.053,33.217
11/7/2022,3:00:50 PM,0,-0.0305,33.2
11/7/2022,3:00:51 PM,0,-0.0476,33.192
11/7/2022,3:00:52 PM,0,-0.0243,33.192
11/7/2022,3:00:53 PM,0,-0.0499,33.208
11/7/2022,3:00:54 PM,0,-0.0259,33.2
11/7/2022,3:00:55 PM,0,-0.0545,33.2
11/7/2022,3:00:56 PM,0,-0.0321,33.217
11/7/2022,3:00:57 PM,0,-0.053,33.192
11/7/2022,3:00:58 PM,0,-0.0352,33.2
11/7/2022,3:00:59 PM,0,-0.0545,33.183
11/7/2022,3:01:00 PM,0,-0.0352,33.208
11/7/2022,3:01:01 PM,0,-0.0561,33.225
11/7/2022,3:01:02 PM,0,-0.0359,33.183
11/7/2022,3:01:03 PM,0,-0.0599,33.217
11/7/2022,3:01:04 PM,0,-0.0336,33.2
11/7/2022,3:01:05 PM,0,-0.0561,33.183
11/7/2022,3:01:06 PM,0,-0.0359,33.192
11/7/2022,3:01:07 PM,0,-0.053,33.217
11/7/2022,3:01:08 PM,0,-0.039,33.233
11/7/2022,3:01:09 PM,0,-0.0561,33.225
11/7/2022,3:01:10 PM,0,-0.0305,33.217
11/7/2022,3:01:11 PM,0,-0.0568,33.208
11/7/2022,3:01:12 PM,0,-0.0305,33.2
11/7/2022,3:01:13 PM,0,-0.0507,33.208
11/7/2022,3:01:14 PM,0,-0.0282,33.192
11/7/2022,3:01:15 PM,0,-0.0483,33.2
11/7/2022,3:01:16 PM,0,-0.0243,33.2
11/7/2022,3:01:17 PM,0,-0.0561,33.217
11/7/2022,3:01:18 PM,0,-0.0305,33.2
11/7/2022,3:01:19 PM,0,-0.053,33.2
11/7/2022,3:01:20 PM,0,-0.0305,33.208
11/7/2022,3:01:21 PM,0,-0.0561,33.208
11/7/2022,3:01:22 PM,0,-0.0352,33.225
11/7/2022,3:01:23 PM,0,-0.0514,33.217
11/7/2022,3:01:24 PM,0,-0.0313,33.208
11/7/2022,3:01:25 PM,0,-0.0522,33.225
11/7/2022,3:01:26 PM,0,-0.0297,33.217
11/7/2022,3:01:27 PM,0,-0.0514,33.217
11/7/2022,3:01:28 PM,0,-0.0352,33.208
11/7/2022,3:01:29 PM,0,-0.053,33.183
11/7/2022,3:01:30 PM,0,-0.0359,33.225
11/7/2022,3:01:31 PM,0,-0.0483,33.2
11/7/2022,3:01:32 PM,0,-0.0352,33.225
11/7/2022,3:01:33 PM,0,-0.053,33.217
11/7/2022,3:01:34 PM,0,-0.0352,33.208
11/7/2022,3:01:35 PM,0,-0.0514,33.225
11/7/2022,3:01:36 PM,0,-0.0352,33.217
11/7/2022,3:01:37 PM,0,-0.0538,33.208
11/7/2022,3:01:38 PM,0,-0.0352,33.225
11/7/2022,3:01:39 PM,0,-0.0507,33.208
11/7/2022,3:01:40 PM,0,-0.0282,33.208
11/7/2022,3:01:41 PM,0,-0.0483,33.217
11/7/2022,3:01:42 PM,0,-0.0336,33.217
11/7/2022,3:01:43 PM,0,-0.0445,33.2
11/7/2022,3:01:44 PM,0,-0.0414,33.217
11/7/2022,3:01:45 PM,0,-0.0499,33.208
11/7/2022,3:01:46 PM,0,-0.0313,33.225
11/7/2022,3:01:47 PM,0,-0.0538,33.208
11/7/2022,3:01:48 PM,0,-0.0305,33.208
11/7/2022,3:01:49 PM,0,-0.0538,33.225
11/7/2022,3:01:50 PM,0,-0.0328,33.233
11/7/2022,3:01:51 PM,0,-0.0468,33.183
11/7/2022,3:01:52 PM,0,-0.0321,33.233
11/7/2022,3:01:53 PM,0,-0.0538,33.217
11/7/2022,3:01:54 PM,0,-0.0313,33.225
11/7/2022,3:01:55 PM,0,-0.0507,33.225
11/7/2022,3:01:56 PM,0,-0.0313,33.208
11/7/2022,3:01:57 PM,0,-0.0483,33.225
11/7/2022,3:01:58 PM,0,-0.0367,33.233
11/7/2022,3:01:59 PM,0,-0.053,33.217
11/7/2022,3:02:00 PM,0,-0.0282,33.208
11/7/2022,3:02:01 PM,0,-0.0545,33.233
11/7/2022,3:02:02 PM,0,-0.0359,33.217
11/7/2022,3:02:03 PM,0,-0.0561,33.225
11/7/2022,3:02:04 PM,0,-0.0367,33.233
11/7/2022,3:02:05 PM,0,-0.0545,33.233
11/7/2022,3:02:06 PM,0,-0.029,33.233
11/7/2022,3:02:07 PM,0,-0.0553,33.2
11/7/2022,3:02:08 PM,0,-0.0406,33.225
11/7/2022,3:02:09 PM,0,-0.0568,33.208
11/7/2022,3:02:10 PM,0,-0.0445,33.225
11/7/2022,3:02:11 PM,0,-0.0514,33.208
11/7/2022,3:02:12 PM,0,-0.0359,33.233
11/7/2022,3:02:13 PM,0,-0.0576,33.208
11/7/2022,3:02:14 PM,0,-0.039,33.208
11/7/2022,3:02:15 PM,0,-0.0514,33.225
11/7/2022,3:02:16 PM,0,-0.0297,33.208
11/7/2022,3:02:17 PM,0,-0.046,33.217
11/7/2022,3:02:18 PM,0,-0.0305,33.225
11/7/2022,3:02:19 PM,0,-0.0522,33.217
11/7/2022,3:02:20 PM,0,-0.0274,33.217
11/7/2022,3:02:21 PM,0,-0.0538,33.217
11/7/2022,3:02:22 PM,0,-0.0274,33.225
11/7/2022,3:02:23 PM,0,-0.0545,33.225
11/7/2022,3:02:24 PM,0,-0.0313,33.217
11/7/2022,3:02:25 PM,0,-0.0445,33.233
11/7/2022,3:02:26 PM,0,-0.0305,33.217
11/7/2022,3:02:27 PM,0,-0.0538,33.225
11/7/2022,3:02:28 PM,0,-0.0352,33.192
11/7/2022,3:02:29 PM,0,-0.0476,33.217
11/7/2022,3:02:30 PM,0,-0.0274,33.208
11/7/2022,3:02:31 PM,0,-0.053,33.2
11/7/2022,3:02:32 PM,0,-0.029,33.217
11/7/2022,3:02:33 PM,0,-0.0553,33.2
11/7/2022,3:02:34 PM,0,-0.0297,33.225
11/7/2022,3:02:35 PM,0,-0.0561,33.225
11/7/2022,3:02:36 PM,0,-0.0328,33.225
11/7/2022,3:02:37 PM,0,-0.0545,33.2
11/7/2022,3:02:38 PM,0,-0.0383,33.233
11/7/2022,3:02:39 PM,0,-0.053,33.2
11/7/2022,3:02:40 PM,0,-0.0344,33.225
11/7/2022,3:02:41 PM,0,-0.0545,33.233
11/7/2022,3:02:42 PM,0,-0.0336,33.233
11/7/2022,3:02:43 PM,0,-0.0599,33.217
11/7/2022,3:02:44 PM,0,-0.0344,33.225
11/7/2022,3:02:45 PM,0,-0.046,33.225
11/7/2022,3:02:46 PM,0,-0.0305,33.208
11/7/2022,3:02:47 PM,0,-0.0499,33.233
11/7/2022,3:02:48 PM,0,-0.029,33.225
11/7/2022,3:02:49 PM,0,-0.0468,33.217
11/7/2022,3:02:50 PM,0,-0.0336,33.225
11/7/2022,3:02:51 PM,0,-0.0499,33.217
11/7/2022,3:02:52 PM,0,-0.0336,33.225
11/7/2022,3:02:53 PM,0,-0.0599,33.225
11/7/2022,3:02:54 PM,0,-0.0359,33.233
11/7/2022,3:02:55 PM,0,-0.0522,33.233
11/7/2022,3:02:56 PM,0,-0.0336,33.225
11/7/2022,3:02:57 PM,0,-0.0522,33.233
11/7/2022,3:02:58 PM,0,-0.0313,33.217
11/7/2022,3:02:59 PM,0,-0.0514,33.225
11/7/2022,3:03:00 PM,0,-0.0313,33.233
11/7/2022,3:03:01 PM,0,-0.0507,33.217
11/7/2022,3:03:02 PM,0,-0.0282,33.225
11/7/2022,3:03:03 PM,0,-0.0514,33.208
11/7/2022,3:03:04 PM,0,-0.0259,33.225
11/7/2022,3:03:05 PM,0,-0.0599,33.233
11/7/2022,3:03:06 PM,0,-0.0336,33.217
11/7/2022,3:03:07 PM,0,-0.0584,33.225
11/7/2022,3:03:08 PM,0,-0.0429,33.225
11/7/2022,3:03:09 PM,0,-0.0514,33.233
11/7/2022,3:03:10 PM,0,-0.0297,33.225
11/7/2022,3:03:11 PM,0,-0.0522,33.233
11/7/2022,3:03:12 PM,0,-0.0367,33.2
11/7/2022,3:03:13 PM,0,-0.0561,33.225
11/7/2022,3:03:14 PM,0,-0.0406,33.225
11/7/2022,3:03:15 PM,0,-0.053,33.225
11/7/2022,3:03:16 PM,0,-0.0437,33.233
11/7/2022,3:03:17 PM,0,-0.0538,33.217
11/7/2022,3:03:18 PM,0,-0.0445,33.225
11/7/2022,3:03:19 PM,0,-0.0592,33.217
11/7/2022,3:03:20 PM,0,-0.039,33.233
11/7/2022,3:03:21 PM,0,-0.0499,33.233
11/7/2022,3:03:22 PM,0,-0.029,33.208
11/7/2022,3:03:23 PM,0,-0.0483,33.233
11/7/2022,3:03:24 PM,0,-0.0352,33.233
11/7/2022,3:03:25 PM,0,-0.0437,33.225
11/7/2022,3:03:26 PM,0,-0.0336,33.217
11/7/2022,3:03:27 PM,0,-0.0507,33.217
11/7/2022,3:03:28 PM,0,-0.0313,33.225
11/7/2022,3:03:29 PM,0,-0.0522,33.233
11/7/2022,3:03:30 PM,0,-0.0359,33.217
11/7/2022,3:03:31 PM,0,-0.0468,33.225
11/7/2022,3:03:32 PM,0,-0.0344,33.208
11/7/2022,3:03:33 PM,0,-0.0507,33.217
11/7/2022,3:03:34 PM,0,-0.0352,33.225
11/7/2022,3:03:35 PM,0,-0.0545,33.225
11/7/2022,3:03:36 PM,0,-0.0352,33.225
11/7/2022,3:03:37 PM,0,-0.0507,33.217
11/7/2022,3:03:38 PM,0,-0.0344,33.233
11/7/2022,3:03:39 PM,0,-0.0499,33.225
11/7/2022,3:03:40 PM,0,-0.0305,33.233
11/7/2022,3:03:41 PM,0,-0.0507,33.233
11/7/2022,3:03:42 PM,0,-0.0297,33.217
11/7/2022,3:03:43 PM,0,-0.0553,33.233
11/7/2022,3:03:44 PM,0,-0.0344,33.225
11/7/2022,3:03:45 PM,0,-0.0491,33.225
11/7/2022,3:03:46 PM,0,-0.0274,33.225
11/7/2022,3:03:47 PM,0,-0.0507,33.233
11/7/2022,3:03:48 PM,0,-0.0367,33.217
11/7/2022,3:03:49 PM,0,-0.0507,33.225
11/7/2022,3:03:50 PM,0,-0.0297,33.233
11/7/2022,3:03:51 PM,0,-0.0452,33.217
11/7/2022,3:03:52 PM,0,-0.029,33.225
11/7/2022,3:03:53 PM,0,-0.0468,33.225
11/7/2022,3:03:54 PM,0,-0.0328,33.233
11/7/2022,3:03:55 PM,0,-0.0499,33.233
11/7/2022,3:03:56 PM,0,-0.0305,33.233
11/7/2022,3:03:57 PM,0,-0.0483,33.233
11/7/2022,3:03:58 PM,0,-0.0328,33.233
11/7/2022,3:03:59 PM,0,-0.0576,33.233
11/7/2022,3:04:00 PM,0,-0.0336,33.233
11/7/2022,3:04:01 PM,0,-0.0499,33.233
11/7/2022,3:04:02 PM,0,-0.0321,33.217
11/7/2022,3:04:03 PM,0,-0.0522,33.225
11/7/2022,3:04:04 PM,0,-0.0344,33.233
11/7/2022,3:04:05 PM,0,-0.046,33.233
11/7/2022,3:04:06 PM,0,-0.0336,33.233
11/7/2022,3:04:07 PM,0,-0.0468,33.233
11/7/2022,3:04:08 PM,0,-0.0305,33.225
11/7/2022,3:04:09 PM,0,-0.0499,33.233
11/7/2022,3:04:10 PM,0,-0.0336,33.225
11/7/2022,3:04:11 PM,0,-0.0561,33.233
11/7/2022,3:04:12 PM,0,-0.0359,33.233
11/7/2022,3:04:13 PM,0,-0.0553,33.225
11/7/2022,3:04:14 PM,0,-0.0367,33.225
11/7/2022,3:04:15 PM,0,-0.053,33.233
11/7/2022,3:04:16 PM,0,-0.0336,33.233
11/7/2022,3:04:17 PM,0,-0.0514,33.233
11/7/2022,3:04:18 PM,0,-0.0305,33.217
11/7/2022,3:04:19 PM,0,-0.0576,33.233
11/7/2022,3:04:20 PM,0,-0.0305,33.225
11/7/2022,3:04:21 PM,0,-0.0553,33.233
11/7/2022,3:04:22 PM,0,-0.0328,33.217
11/7/2022,3:04:23 PM,0,-0.0514,33.208
11/7/2022,3:04:24 PM,0,-0.0414,33.225
11/7/2022,3:04:25 PM,0,-0.053,33.233
11/7/2022,3:04:26 PM,0,-0.0421,33.217
11/7/2022,3:04:27 PM,0,-0.046,33.233
11/7/2022,3:04:28 PM,0,-0.0297,33.233
11/7/2022,3:04:29 PM,0,-0.0499,33.233
11/7/2022,3:04:30 PM,0,-0.0352,33.225
11/7/2022,3:04:31 PM,0,-0.0476,33.225
11/7/2022,3:04:32 PM,0,-0.0383,33.217
11/7/2022,3:04:33 PM,0,-0.0522,33.217
11/7/2022,3:04:34 PM,0,-0.0336,33.217
11/7/2022,3:04:35 PM,0,-0.0514,33.225
11/7/2022,3:04:36 PM,0,-0.0344,33.233
11/7/2022,3:04:37 PM,0,-0.053,33.217
11/7/2022,3:04:38 PM,0,-0.0328,33.233
11/7/2022,3:04:39 PM,0,-0.0491,33.233
11/7/2022,3:04:40 PM,0,-0.029,33.233
11/7/2022,3:04:41 PM,0,-0.053,33.233
11/7/2022,3:04:42 PM,0,-0.0336,33.225
11/7/2022,3:04:43 PM,0,-0.0491,33.233
11/7/2022,3:04:44 PM,0,-0.0336,33.233
11/7/2022,3:04:45 PM,0,-0.0476,33.225
11/7/2022,3:04:46 PM,0,-0.0328,33.233
11/7/2022,3:04:47 PM,0,-0.0499,33.225
11/7/2022,3:04:48 PM,0,-0.0352,33.233
11/7/2022,3:04:49 PM,0,-0.0452,33.233
11/7/2022,3:04:50 PM,0,-0.0344,33.233
11/7/2022,3:04:51 PM,0,-0.0468,33.225
11/7/2022,3:04:52 PM,0,-0.0305,33.233
11/7/2022,3:04:53 PM,0,-0.0437,33.233
11/7/2022,3:04:54 PM,0,-0.0414,33.233
11/7/2022,3:04:55 PM,0,-0.046,33.225
11/7/2022,3:04:56 PM,0,-0.0313,33.233
11/7/2022,3:04:57 PM,0,-0.0491,33.225
11/7/2022,3:04:58 PM,0,-0.0328,33.233
11/7/2022,3:04:59 PM,0,-0.0553,33.225
11/7/2022,3:05:00 PM,0,-0.0313,33.233
11/7/2022,3:05:01 PM,0,-0.0445,33.233
11/7/2022,3:05:02 PM,0,-0.0328,33.225
11/7/2022,3:05:03 PM,0,-0.053,33.233
